﻿Designator,Footprint,Quantity,Value,LCSC Part #
"C1, C2, C29, C3, C4, C5, C6, C7, C8",0402,9,0.1μF,C1525
"C10, C16",1206,2,10uF,C13585
"C11, C13, C15, C17, C18, C19, C20, C21, C22, C23, C24, C25, C26, C27, C28, C9",0805,16,68nF,
C12,0402,1,10nF,C1524
C14,CP_Elec_8x10.5,1,220uF,C3340
"D1, D10, D2, D3, D4, D5, D6, D7, D9",D_SMB,9,SK44BL,C151740
"D11, D12, D13, D14",0805,4,LED-G,C2297
"D26, D27, D28, D29, D30, D31, D32, D33, D34, D35, D36, D37, D38, D39, D40, D41",SOT-323_SC-70,16,BAT54SW,
D8,0805,1,LED-Y,C2296
F1,Fuseholder_Blade_Mini_Keystone_3568,1,Fuse,
J2,TerminalBlock_Xinya_XY308-2.54-4P_1x04_P2.54mm_Horizontal,1,PIN10-13_Breakout,
J9,TerminalBlock_Xinya_XY308-2.54-3P_1x03_P2.54mm_Horizontal,1,Screw_Terminal_01x03,
"K1, K2",Relay_SPST_Omron-G5Q-1A,2,G5Q-1A DC24,
L2,L_12.5x12.5mm_SXNSMDRS1275,1,22uH 4A,C163684
"Q1, Q2, Q3, Q4, Q5, Q6, Q7, Q8",SOT-23-3,8,BSS138,C8490
"R1, R2, R55, R56",0402,4,1k,
"R10, R13, R14, R23, R5, R6, R9",0402,7,100k,C25530
"R11, R12, R26, R3, R38, R4, R7, R8",0402,8,100,C25076
"R15, R16, R19, R20, R24, R25, R29, R37, R53",0402,9,10k,C25531
"R17, R18, R21, R22, R30",0402,5,3.3k,C25890
"R27, R28, R39, R40, R41, R42, R43, R44, R45, R46, R47, R48, R49, R50, R51, R52",0402,16,2.2k,
"R31, R32, R33, R34, R35, R36",0603,6,250R,C861779
R54,1206,1,5m 1W,C723507
"R57, R58, R59",0402,3,22k,
R60,0402,1,270k,
R61,0402,1,33k,
TP1,TestPoint_Pad_D1.5mm,1,SDA,
TP2,TestPoint_Pad_D1.5mm,1,SCL,
TP3,TestPoint_Loop_D2.50mm_Drill1.0mm,1,TestPoint,
TP6,TestPoint_Pad_D1.0mm,1,TP_+5V,
"U2, U3, U4, U5",TSSOP-16_4.4x5mm_P0.65mm,4,ADS112C04,C701615
U6,SOT-23-3,1,XC6206P332MR,C5446
U8,TI_SO-PowerPAD-8_ThermalVias,1,TPS5430DDA,C9864
U9,SOT-363_SC-70-6,1,INA199A2DCK,
