﻿Designator,Footprint,Quantity,Value,LCSC Part #
"C1, C2, C3, C4, C5, C6, C7, C8",0402,8,0.1μF,C1525
"C10, C15, C16, C9",1206,4,10uF,C13585
"C11, C12",0402,2,10nF,C1524
"C13, C14",CP_Elec_8x10.5,2,220uF,C3340
"D1, D10, D2, D3, D4, D5, D6, D7, D8, D9",D_SMB,10,SK44BL,C151740
J1,TerminalBlock_Xinya_XY308-2.54-4P_1x04_P2.54mm_Horizontal,1,PIN6-9_Breakout,
J10,TerminalBlock_Xinya_XY308-2.54-2P_1x02_P2.54mm_Horizontal,1,Screw_Terminal_01x02,
J11,JST_XH_B2B-XH-A_1x02_P2.50mm_Vertical,1,24V_Lockout_Key_Switch,C20079
J12,AMASS_XT60PW-F_1x02_P7.20mm_Horizontal,1,XT60-M,
J13,JST_XH_B2B-XH-A_1x02_P2.50mm_Vertical,1,PT_1,C20079
J14,JST_XH_B2B-XH-A_1x02_P2.50mm_Vertical,1,PT_4,C20079
J15,JST_XH_B2B-XH-A_1x02_P2.50mm_Vertical,1,PT_2,C20079
J16,JST_XH_B2B-XH-A_1x02_P2.50mm_Vertical,1,PT_5,C20079
J17,JST_XH_B2B-XH-A_1x02_P2.50mm_Vertical,1,PT_3,C20079
J18,JST_XH_B2B-XH-A_1x02_P2.50mm_Vertical,1,PT_6,C20079
J19,JST_XH_B4B-XH-A_1x04_P2.50mm_Vertical,1,4-Pin Load Cell,
J2,TerminalBlock_Xinya_XY308-2.54-4P_1x04_P2.54mm_Horizontal,1,PIN10-13_Breakout,
J20,JST_XH_B5B-XH-A_1x05_P2.50mm_Vertical,1,5-Pin Load Cell,
J21,TerminalBlock_4Ucon_1x02_P3.50mm_Vertical,1,Ignitor Screw Terminal,OSTTE020104
J3,JST_XH_B2B-XH-A_1x02_P2.50mm_Vertical,1,Valve_1_PWR,C20079
J4,JST_XH_B2B-XH-A_1x02_P2.50mm_Vertical,1,Valve_4_PWR,C20079
J5,JST_XH_B2B-XH-A_1x02_P2.50mm_Vertical,1,Valve_2_PWR,C20079
J6,JST_XH_B2B-XH-A_1x02_P2.50mm_Vertical,1,Valve_5_PWR,C20079
J7,JST_XH_B2B-XH-A_1x02_P2.50mm_Vertical,1,Valve_3_PWR,C20079
J8,JST_XH_B2B-XH-A_1x02_P2.50mm_Vertical,1,Valve_6_PWR,C20079
J9,TerminalBlock_Xinya_XY308-2.54-4P_1x04_P2.54mm_Horizontal,1,Screw_Terminal_01x04,
"K1, K2",Relay_SPDT_Omron-G5LE-1,2,G5LE-1,
"L1, L2",L_12.5x12.5mm_SXNSMDRS1275,2,22uH 4A,C163684
"Q1, Q2, Q3, Q4, Q5, Q6, Q7, Q8",SOT-23-3,8,BSS138,C8490
"R1, R2",0402,2,1k,
"R10, R13, R14, R23, R5, R6, R9",0402,7,100k,C25530
"R11, R12, R26, R3, R38, R4, R7, R8",0402,8,100,C25076
"R15, R16, R19, R20, R24, R25, R27, R29, R37",0402,9,10k,C25531
"R17, R18, R21, R22, R30",0402,5,3.3k,C25890
R28,0402,1,1.4K,C39650
"R31, R32, R33, R34, R35, R36",0603,6,250,C861779
TP5,TestPoint_Pad_D1.0mm,1,TP_+10V,
TP6,TestPoint_Pad_D1.0mm,1,TP_+5V,
U1,ESP32_Devkit_C1_Noah,1,ESP32-S3,
"U2, U3, U4, U5",TSSOP-16_4.4x5mm_P0.65mm,4,ADS112C04,C701615
U6,SOT-23-3,1,XC6206P332MR,C5446
"U7, U8",TI_SO-PowerPAD-8_ThermalVias,2,TPS5430DDA,C9864
